Stress,Strain
12546811.43,0.007911414
12775411.43,0.008453538
12942933.33,0.009001656
13144485.71,0.009527796
13344291.43,0.010068588
13464699.05,0.010618036
12347876.19,0.011156166
